City,Lat,Lng,Max Temp,Humidity,Cloudiness,Wind Speed,Country,Date
khatanga,71.9667,102.5,32.76,98,100,19.98,RU,1619220976
garowe,8.4054,48.4845,77.23,73,65,9.57,SO,1619220976
bredasdorp,-34.5322,20.0403,50.0,93,92,4.61,ZA,1619221196
esperance,-33.8667,121.9,55.4,88,98,9.22,AU,1619220977
yellowknife,62.456,-114.3525,17.01,57,75,10.36,CA,1619221313
kapaa,22.0752,-159.319,80.6,61,75,14.97,US,1619220977
lucea,18.451,-78.1736,82.4,74,20,10.36,JM,1619220977
quirinopolis,-18.4483,-50.4517,69.44,36,0,0.87,BR,1619220977
nelson bay,-32.7167,152.15,61.0,72,98,13.8,AU,1619220978
ushuaia,-54.8,-68.3,41.0,93,75,5.75,AR,1619220747
rikitea,-23.1203,-134.9692,78.96,68,100,15.99,PF,1619220978
atuona,-9.8,-139.0333,80.33,79,28,22.35,PF,1619220978
falmouth,50.1544,-5.0711,51.8,76,100,21.92,GB,1619220979
norman wells,65.282,-126.8329,35.6,38,75,10.36,CA,1619220979
hilo,19.7297,-155.09,82.4,54,40,12.66,US,1619220967
santa lucia,27.9117,-15.5407,69.8,73,75,10.36,ES,1619220979
kloulklubed,7.0419,134.2556,84.2,79,75,8.05,PW,1619220779
jamestown,42.097,-79.2353,51.8,43,1,12.66,US,1619220958
narsaq,60.9167,-46.05,41.0,60,1,5.75,GL,1619221308
saskylakh,71.9167,114.0833,33.84,96,100,20.92,RU,1619220980
lagoa,39.05,-27.9833,57.65,78,23,32.39,PT,1619220980
arraial do cabo,-22.9661,-42.0278,74.68,77,26,13.44,BR,1619220980
ilulissat,69.2167,-51.1,33.8,69,100,6.91,GL,1619220981
mucuri,-18.0864,-39.5508,75.72,83,5,8.43,BR,1619220747
srednekolymsk,67.45,153.6833,13.75,92,100,18.57,RU,1619220785
fairbanks,64.8378,-147.7164,57.2,26,1,9.22,US,1619220820
alofi,-19.0595,-169.9187,84.2,79,13,11.5,NU,1619220868
starotitarovskaya,45.2136,37.1439,51.8,82,92,8.95,RU,1619220981
sur,22.5667,59.5289,84.6,36,0,5.68,OM,1619220982
santa isabel do rio negro,-0.4139,-65.0192,75.51,94,66,2.71,BR,1619220982
meulaboh,4.1363,96.1285,76.96,85,100,3.51,ID,1619220982
tasiilaq,65.6145,-37.6368,37.4,52,75,16.11,GL,1619220982
siguiri,11.6667,-9.5,88.79,38,91,4.68,GN,1619220983
mataura,-46.1927,168.8643,53.01,88,77,1.61,NZ,1619220983
odweyne,9.4092,45.064,68.88,64,22,2.21,SO,1619220983
clonakilty,51.6231,-8.8706,50.0,62,40,14.97,IE,1619220984
bethel,41.3712,-73.414,62.6,17,1,14.97,US,1619220984
barrow,71.2906,-156.7887,26.6,74,1,6.91,US,1619220899
ewa beach,21.3156,-158.0072,82.4,51,75,9.22,US,1619220984
lata,40.1629,-8.3327,61.0,94,40,4.61,PT,1619220985
egvekinot,66.3167,-179.1667,31.6,87,100,2.53,RU,1619220985
avarua,-21.2078,-159.775,82.4,74,40,19.57,CK,1619220985
seoul,37.5683,126.9778,60.8,51,0,4.61,KR,1619220887
kaitangata,-46.2817,169.8464,55.0,73,48,1.99,NZ,1619220803
thompson,55.7435,-97.8558,26.6,43,75,9.22,CA,1619220986
sinnamary,5.3833,-52.95,77.49,89,100,12.15,GF,1619220986
upernavik,72.7868,-56.1549,28.24,85,100,3.49,GL,1619220986
pisco,-13.7,-76.2167,66.99,82,0,11.5,PE,1619220689
chokurdakh,70.6333,147.9167,6.1,84,52,0.6,RU,1619220987
punta arenas,-53.15,-70.9167,44.6,93,75,1.14,CL,1619220987
vao,-22.6667,167.4833,75.63,75,79,13.71,NC,1619221367
albany,42.6001,-73.9662,57.2,33,20,18.41,US,1619220854
qinhuangdao,39.9317,119.5883,57.18,72,56,12.8,CN,1619220987
clyde river,70.4692,-68.5914,17.6,93,90,3.44,CA,1619220988
hobart,-42.8794,147.3294,55.0,71,40,12.66,AU,1619221172
castro,-24.7911,-50.0119,55.49,72,12,3.65,BR,1619221367
vaini,-21.2,-175.2,84.2,79,20,5.75,TO,1619221178
busselton,-33.65,115.3333,61.0,75,93,4.0,AU,1619221349
puerto ayora,-0.7393,-90.3518,84.2,74,20,18.41,EC,1619220988
butaritari,3.0707,172.7902,82.13,77,82,8.84,KI,1619221214
port elizabeth,-33.918,25.5701,60.8,88,0,6.91,ZA,1619220989
lorengau,-2.0226,147.2712,82.11,77,94,5.17,PG,1619220989
katsuura,35.1333,140.3,59.0,55,40,4.61,JP,1619220989
bluff,-46.6,168.3333,53.01,85,88,1.99,NZ,1619221259
trelew,-43.249,-65.3051,55.69,63,5,14.23,AR,1619220903
bathsheba,13.2167,-59.5167,80.6,61,20,17.27,BB,1619220990
marshfield,44.6689,-90.1718,55.4,35,90,14.97,US,1619220713
lebu,-37.6167,-73.65,53.01,92,37,6.2,CL,1619221207
lubbock,33.6001,-101.8338,78.8,9,40,14.97,US,1619220907
moree,-29.4667,149.85,62.6,51,12,5.75,AU,1619220990
hualmay,-11.0964,-77.6139,66.97,88,25,9.17,PE,1619220990
bengkulu,-3.8004,102.2655,74.08,88,94,3.58,ID,1619220831
zhigansk,66.7697,123.3711,17.89,80,70,4.25,RU,1619220837
petropavlovsk-kamchatskiy,53.0452,158.6483,42.8,70,68,2.24,RU,1619221271
vila franca do campo,37.7167,-25.4333,59.0,63,75,13.8,PT,1619220991
hithadhoo,-0.6,73.0833,82.11,73,22,7.83,MV,1619221369
naryan-mar,67.6713,53.087,30.67,91,48,4.34,RU,1619220991
san pedro,14.35,121.0167,82.99,74,20,6.91,PH,1619220992
requena,39.4883,-1.1004,55.99,84,100,5.88,ES,1619220992
namatanai,-3.6667,152.4333,81.63,74,99,3.0,PG,1619221370
college,64.8569,-147.8028,57.2,28,20,9.22,US,1619220992
yarensk,62.1675,49.0916,40.8,88,79,5.19,RU,1619220993
salalah,17.0151,54.0924,82.4,74,40,3.44,OM,1619220993
sfantu gheorghe,45.8667,25.7833,24.01,74,26,2.71,RO,1619220993
hanna,51.6334,-111.9018,37.99,31,73,5.01,CA,1619220993
hermanus,-34.4187,19.2345,55.99,88,86,5.95,ZA,1619221205
port augusta,-32.5,137.7667,59.0,82,75,5.75,AU,1619220994
provideniya,64.3833,-173.3,41.11,54,71,4.76,RU,1619220786
sorland,67.667,12.6934,36.82,55,100,22.84,NO,1619220994
mahebourg,-20.4081,57.7,78.8,78,40,9.22,MU,1619220770
trofors,65.5333,13.4063,32.0,93,75,4.61,NO,1619220994
saint-pierre,-21.3393,55.4781,77.0,78,20,13.8,RE,1619220794
klaksvik,62.2266,-6.589,42.8,100,82,6.91,FO,1619221371
yenagoa,4.9247,6.2642,78.24,91,67,4.29,NG,1619220591
port alfred,-33.5906,26.891,66.07,73,0,20.24,ZA,1619220995
new norfolk,-42.7826,147.0587,55.0,82,98,8.01,AU,1619220995
cherskiy,68.75,161.3,24.44,92,100,3.98,RU,1619220995
basco,20.4487,121.9702,76.62,80,16,10.36,PH,1619220996
cabo san lucas,22.8909,-109.9124,84.2,36,20,4.61,MX,1619220831
ordzhonikidze,52.4411,61.7408,45.57,58,100,11.41,KZ,1619220996
atar,20.5169,-13.0499,80.17,13,0,5.57,MR,1619220996
nemuro,43.3236,145.575,41.7,75,100,17.58,JP,1619220997
souillac,-20.5167,57.5167,78.8,78,40,9.22,MU,1619220997
cape town,-33.9258,18.4232,57.99,88,0,6.91,ZA,1619220997
kununurra,-15.7667,128.7333,77.0,41,65,8.05,AU,1619221372
faanui,-16.4833,-151.75,80.2,75,87,11.5,PF,1619220790
qaanaaq,77.484,-69.3632,17.8,83,99,5.55,GL,1619220997
vaitape,-16.5167,-151.75,80.15,75,86,11.59,PF,1619220998
mar del plata,-38.0023,-57.5575,69.01,83,0,9.22,AR,1619220998
bethanien,-26.502,17.1583,71.28,26,51,6.02,NA,1619220998
vadso,70.0744,29.7487,32.0,80,40,10.36,NO,1619220999
sheltozero,61.3667,35.3667,34.18,95,100,5.35,RU,1619221373
ambanja,-13.6833,48.45,73.51,92,99,3.18,MG,1619220999
luanda,-8.8368,13.2343,77.0,88,75,11.5,AO,1619220830
champerico,14.3,-91.9167,86.0,74,75,6.91,GT,1619220999
olavarria,-36.8927,-60.3225,60.01,98,100,4.72,AR,1619221000
malmesbury,-33.4608,18.7271,57.2,88,0,6.91,ZA,1619221000
sangar,63.9242,127.4739,22.93,89,99,7.7,RU,1619221374
pevek,69.7008,170.3133,16.86,86,44,0.43,RU,1619221000
severo-kurilsk,50.6789,156.125,37.26,88,97,7.76,RU,1619221001
eirunepe,-6.6603,-69.8736,73.49,98,50,2.24,BR,1619221001
ponta do sol,32.6667,-17.1,59.0,76,53,3.0,PT,1619221001
los llanos de aridane,28.6585,-17.9182,68.0,60,40,9.22,ES,1619220886
mount gambier,-37.8333,140.7667,53.6,100,75,6.91,AU,1619221001
tilichiki,60.4667,166.1,26.89,81,44,3.06,RU,1619221002
turukhansk,65.8167,87.9833,26.15,93,29,14.03,RU,1619221002
acapulco,16.8634,-99.8901,84.2,65,90,14.97,MX,1619220771
porbandar,21.6422,69.6093,80.24,80,98,9.08,IN,1619221002
lima,-12.0432,-77.0282,72.0,82,20,9.22,PE,1619220710
muros,42.7762,-9.0603,60.01,94,58,5.01,ES,1619220779
constitucion,-35.3333,-72.4167,55.56,79,0,10.4,CL,1619220956
skelleftea,64.7507,20.9528,32.0,93,90,17.27,SE,1619221003
ballina,-28.8667,153.5667,66.2,63,1,6.91,AU,1619221003
batagay-alyta,67.8006,130.4114,11.88,77,13,3.38,RU,1619221003
gorodovikovsk,46.0878,41.9335,52.65,68,100,6.42,RU,1619221004
daru,-9.0763,143.2092,84.87,68,27,6.46,PG,1619221004
kahului,20.8947,-156.47,84.2,48,20,25.32,US,1619221004
carnarvon,-24.8667,113.6333,62.6,67,0,9.22,AU,1619221004
tiksi,71.6872,128.8694,12.63,87,99,9.1,RU,1619220779
roma,43.2128,-75.4557,57.2,33,1,20.71,US,1619220658
lebyazhye,55.2689,66.4947,40.35,50,100,11.3,RU,1619221005
kodiak,57.79,-152.4072,41.0,81,90,4.61,US,1619221005
tabuk,17.4189,121.4443,77.83,66,12,2.1,PH,1619220820
ruwi,23.5996,58.5507,91.4,14,0,9.22,OM,1619221006
dingle,10.9995,122.6711,83.41,68,100,5.7,PH,1619221006
marystown,47.1666,-55.1483,36.75,89,63,20.76,CA,1619221006
houma,29.5958,-90.7195,69.01,88,90,10.36,US,1619220724
pringsewu,-5.3582,104.9744,74.57,89,8,3.89,ID,1619221006
gorontalo,0.5412,123.0595,76.06,93,92,1.23,ID,1619221007
kapuskasing,49.4169,-82.4331,64.4,27,72,10.36,CA,1619221007
bambous virieux,-20.3428,57.7575,78.8,78,40,9.22,MU,1619221007
sioux lookout,50.1001,-91.917,28.4,86,90,11.5,CA,1619221376
sayyan,15.1718,44.3244,57.29,32,4,2.48,YE,1619221008
hami,42.8,93.45,45.1,27,67,11.01,CN,1619220849
kolda,12.8833,-14.95,79.45,43,12,6.38,SN,1619221008
halifax,44.6453,-63.5724,46.4,53,86,9.22,CA,1619220765
takestan,36.0696,49.6959,51.8,76,0,2.3,IR,1619221008
ukiah,39.1502,-123.2078,73.4,28,1,12.66,US,1619221009
komatipoort,-25.4332,31.9548,57.99,95,79,2.33,ZA,1619221009
victoria,22.2855,114.1577,78.01,87,29,1.99,HK,1619221157
nouadhibou,20.931,-17.0347,64.4,88,0,16.11,MR,1619221009
longyearbyen,78.2186,15.6401,15.8,62,75,6.91,SJ,1619220789
ostrovnoy,68.0531,39.5131,32.32,95,100,24.38,RU,1619221010
bida,9.0833,6.0167,82.44,65,70,7.05,NG,1619221010
vostok,46.4856,135.8833,36.82,97,100,4.05,RU,1619221378
nikolskoye,59.7035,30.7861,37.0,86,40,4.47,RU,1619221010
paka,4.6374,103.4368,75.2,94,40,3.44,MY,1619221010
asau,46.4333,26.4,35.01,67,38,3.33,RO,1619221011
guerrero negro,27.9769,-114.0611,62.55,67,8,22.24,MX,1619221011
sitka,57.0531,-135.33,60.8,20,20,9.22,US,1619221011
port macquarie,-31.4333,152.9167,66.0,67,44,8.05,AU,1619221012
rocha,-34.4833,-54.3333,62.91,94,17,10.18,UY,1619220836
codrington,-38.2667,141.9667,58.96,76,99,11.88,AU,1619221012
torbay,47.6666,-52.7314,37.99,87,20,20.71,CA,1619221012
port hedland,-20.3167,118.5667,66.2,45,0,5.75,AU,1619221012
grindavik,63.8424,-22.4338,44.6,93,90,14.97,IS,1619221379
chara,56.9064,118.2631,28.53,73,18,3.78,RU,1619221013
artesia,33.8658,-118.0831,66.99,55,40,9.22,US,1619221013
east london,-33.0153,27.9116,63.66,76,9,9.08,ZA,1619221013
tuatapere,-46.1333,167.6833,53.01,85,98,1.99,NZ,1619221246
chernyshevskiy,63.0128,112.4714,28.53,91,87,10.16,RU,1619221014
independence,39.0911,-94.4155,55.4,94,75,4.61,US,1619221014
chapais,49.7834,-74.8492,50.0,32,1,13.8,CA,1619221014
saint-georges,12.0564,-61.7485,78.64,79,16,16.24,GD,1619221267
ugoofaaru,5.6667,73.0,82.94,73,16,6.82,MV,1619221379
lompoc,34.6391,-120.4579,59.0,63,0,13.8,US,1619220710
saint-philippe,-21.3585,55.7679,77.0,78,20,13.8,RE,1619221015
impfondo,1.6381,18.0667,71.4,98,100,2.55,CG,1619221015
altay,47.8667,88.1167,23.54,63,40,2.62,CN,1619221015
pachino,36.7186,15.0907,55.4,94,90,4.61,IT,1619221016
port-gentil,-0.7193,8.7815,80.85,82,76,7.0,GA,1619221016
balkanabat,39.5108,54.3671,60.76,63,69,3.8,TM,1619221016
chuy,-33.6971,-53.4616,66.54,84,13,12.66,UY,1619221016
ayan,56.45,138.1667,31.89,67,96,5.12,RU,1619221017
iracoubo,5.4802,-53.2011,77.27,89,100,12.3,GF,1619221017
santa maria,-29.6842,-53.8069,69.8,64,0,3.44,BR,1619221017
laguna,38.421,-121.4238,78.01,38,1,10.36,US,1619220788
geraldton,-28.7667,114.6,59.0,77,0,10.36,AU,1619221018
pacific grove,36.6177,-121.9166,59.0,82,15,9.37,US,1619220947
saldanha,-33.0117,17.9442,55.4,76,85,3.44,ZA,1619220817
masterton,-40.9597,175.6575,64.99,73,11,4.0,NZ,1619221018
bolgatanga,10.7856,-0.8514,89.89,37,83,7.49,GH,1619221018
walvis bay,-22.9575,14.5053,62.01,77,4,3.44,NA,1619221019
agadez,19.75,10.25,85.01,14,53,7.58,NE,1619221019
pingliang,35.5392,106.6861,48.51,96,100,5.28,CN,1619220833
binabalian,16.4202,119.9279,80.82,73,21,11.5,PH,1619221019
northam,51.0333,-4.2167,50.0,53,62,4.0,GB,1619221019
tuktoyaktuk,69.4541,-133.0374,17.6,67,75,11.5,CA,1619221020
beringovskiy,63.05,179.3167,28.45,86,99,5.01,RU,1619221020
aswan,24.0934,32.907,81.77,9,0,13.71,EG,1619221020
nyuksenitsa,60.4128,44.2397,46.42,74,90,8.95,RU,1619221021
huilong,31.8111,121.655,63.0,91,100,6.6,CN,1619221021
aklavik,68.2191,-135.0107,39.2,45,75,3.44,CA,1619221021
tongliao,43.6125,122.2653,49.55,48,100,14.92,CN,1619221021
itororo,-15.1169,-40.0703,71.22,92,66,3.36,BR,1619221022
coquimbo,-29.9533,-71.3436,59.0,77,0,6.91,CL,1619220810
westport,41.1415,-73.3579,62.6,20,1,17.27,US,1619221022
upington,-28.4478,21.2561,64.4,29,0,8.05,ZA,1619221022
lubango,-14.9172,13.4925,63.01,61,96,3.87,AO,1619220819
brigantine,39.4101,-74.3646,59.0,31,1,11.5,US,1619221023
novo aripuana,-5.1206,-60.3797,74.89,96,85,0.54,BR,1619221023
moses lake,47.1301,-119.2781,69.8,16,1,11.5,US,1619220929
atambua,-9.1061,124.8925,77.86,70,20,2.37,ID,1619221024
kuito,-12.3833,16.9333,59.25,72,92,2.89,AO,1619221024
ulaanbaatar,47.9077,106.8832,41.0,33,75,11.18,MN,1619220864
boca do acre,-8.7522,-67.3978,76.78,89,99,2.35,BR,1619221024
brae,60.3964,-1.353,44.6,81,75,1.88,GB,1619220799
chekhov,55.1431,37.4711,39.99,94,99,3.33,RU,1619221025
trat,12.5,102.5,82.0,99,82,2.13,TH,1619221025
sabang,5.8933,95.3214,82.87,72,100,18.54,ID,1619221025
sao jose da coroa grande,-8.8978,-35.1478,78.57,80,6,7.67,BR,1619221026
santo domingo,18.5001,-69.9886,82.4,69,40,4.61,DO,1619220826
plettenberg bay,-34.0527,23.3716,60.42,91,37,4.61,ZA,1619221026
morehead,37.2711,-87.1764,60.8,44,90,6.91,US,1619221026
churapcha,62.0025,132.4325,24.12,85,100,7.94,RU,1619221026
katangli,51.7102,143.2326,30.56,83,100,8.5,RU,1619221027
cherepovets,59.1333,37.9,38.93,92,100,3.04,RU,1619221027
havoysund,70.9963,24.6622,32.0,64,90,12.66,NO,1619221027
beocin,45.2083,19.7206,42.01,81,0,2.3,RS,1619221027
plessisville,46.2186,-71.762,59.0,28,40,9.22,CA,1619221028
dikson,73.5069,80.5464,32.16,97,100,16.44,RU,1619221028
abaete,-19.16,-45.4458,67.73,57,13,1.32,BR,1619221028
naze,28.3667,129.4833,68.0,88,75,20.71,JP,1619221029
port blair,11.6667,92.75,81.34,68,100,5.61,IN,1619221029
hofn,64.2539,-15.2082,44.13,77,99,3.94,IS,1619221029
rameshki,57.3439,36.0453,36.73,96,99,2.51,RU,1619221029
nanortalik,60.1432,-45.2371,36.07,87,13,3.76,GL,1619220899
quatre cocos,-20.2078,57.7625,78.8,78,40,9.22,MU,1619221030
coihaique,-45.5752,-72.0662,48.2,71,75,3.44,CL,1619220808
perth,-31.9333,115.8333,68.0,55,0,9.22,AU,1619220934
muisne,0.6,-80.0333,84.2,79,75,5.75,EC,1619221030
perelyub,51.8667,50.3667,45.19,95,100,7.72,RU,1619221030
kavaratti,10.5669,72.642,83.44,73,15,7.18,IN,1619221385
santiago,-33.4569,-70.6483,64.0,76,90,3.44,CL,1619221031
goderich,43.7501,-81.7165,53.6,43,41,9.22,CA,1619221031
lufilufi,-13.8745,-171.5986,91.4,70,40,3.44,WS,1619221031
saint george,37.1041,-113.5841,81.0,8,1,16.11,US,1619220848
orotukan,62.2667,151.7,15.82,86,100,7.05,RU,1619221032
hambantota,6.1241,81.1185,78.39,84,47,5.82,LK,1619221320
guatire,10.4762,-66.5427,73.33,93,64,3.47,VE,1619221032
ribeira grande,38.5167,-28.7,57.2,82,40,27.63,PT,1619221032
matara,5.9485,80.5353,76.98,89,68,5.44,LK,1619221033
betafo,-19.8333,46.85,56.86,93,51,5.5,MG,1619221033
manggar,-2.8833,108.2667,82.45,72,16,7.0,ID,1619221033
hamilton,39.1834,-84.5333,57.2,47,75,4.61,US,1619220877
iqaluit,63.7506,-68.5145,28.4,93,90,3.44,CA,1619221033
sao joao da barra,-21.6403,-41.0511,71.2,83,2,11.23,BR,1619221034
latacunga,-0.9333,-78.6167,48.2,100,90,8.05,EC,1619221034
port lincoln,-34.7333,135.8667,62.29,64,80,6.35,AU,1619221034
tautira,-17.7333,-149.15,86.0,62,75,11.5,PF,1619221035
leningradskiy,69.3833,178.4167,29.17,85,99,4.45,RU,1619221035
hervey bay,-25.2986,152.8535,71.01,68,59,4.0,AU,1619221035
cidreira,-30.1811,-50.2056,70.77,79,2,17.98,BR,1619221035
ambilobe,-13.2,49.05,71.31,86,91,3.6,MG,1619221036
marawi,7.9986,124.2928,76.01,72,92,4.23,PH,1619221036
biak,-0.9131,122.8766,79.29,75,100,3.74,ID,1619221036
kutum,14.2,24.6667,77.76,18,73,8.34,SD,1619221387
gornopravdinsk,60.05,69.9,40.53,91,100,7.02,RU,1619221037
north myrtle beach,33.816,-78.68,62.6,51,1,14.97,US,1619221037
severnoye,56.3491,78.3619,31.6,78,0,2.8,RU,1619221037
gilbues,-9.8317,-45.3439,77.47,70,24,1.86,BR,1619221037
abalak,58.1286,68.5944,40.17,59,100,7.18,RU,1619221038
bullhead city,35.1478,-114.5683,91.99,9,40,13.8,US,1619220783
malaya vishera,58.8454,32.2222,32.52,91,11,4.83,RU,1619221038
georgetown,5.4112,100.3354,78.8,89,40,3.44,MY,1619220825
bilma,18.6853,12.9164,86.36,10,34,9.35,NE,1619221038
mapastepec,15.4333,-92.9,84.31,67,99,5.28,MX,1619221039
mazamet,43.49,2.373,59.0,41,0,24.16,FR,1619221039
ndele,8.4109,20.6473,73.29,75,100,8.05,CF,1619221039
radchenko,56.6803,36.3718,38.44,94,100,2.77,RU,1619221040
nanchang,28.6833,115.8833,66.94,82,59,8.86,CN,1619221040
saint anthony,45.0205,-93.218,48.2,81,90,0.89,US,1619221040
malpe,13.35,74.7167,78.8,89,20,4.07,IN,1619221041
san carlos de bariloche,-41.1456,-71.3082,50.0,57,40,13.8,AR,1619221041
bonthe,7.5264,-12.505,79.18,83,93,6.06,SL,1619221041
raudeberg,61.9875,5.1352,36.0,84,73,12.71,NO,1619221041
warmbad,-28.45,18.7333,72.66,23,4,11.72,NA,1619221042
corowa,-36.0333,146.3833,52.0,93,90,1.14,AU,1619221042
lock haven,41.137,-77.4469,62.6,20,1,12.66,US,1619221042
aktau,43.65,51.2,50.0,93,0,8.95,KZ,1619221042
dingli,35.8614,14.3822,59.0,88,75,13.8,MT,1619221043
san cristobal,7.7669,-72.225,84.2,65,20,8.05,VE,1619221043
bonavista,48.6499,-53.1147,39.99,52,91,11.5,CA,1619221043
rodrigues alves,-7.738,-72.6509,80.6,89,40,4.61,BR,1619221044
beberibe,-4.1797,-38.1306,82.99,83,20,4.61,BR,1619221044
saint-leu,-21.15,55.2833,77.0,78,20,13.8,RE,1619221044
tooele,40.5308,-112.2983,60.8,31,1,8.05,US,1619220841
kempsey,-31.0833,152.8333,66.0,63,26,3.0,AU,1619221045
olinda,-8.0089,-34.8553,80.6,69,40,8.05,BR,1619221045
san jose,37.3394,-121.895,72.0,46,40,12.66,US,1619220964
sarkand,45.41,79.9186,24.04,45,0,6.96,KZ,1619220815
nome,64.5011,-165.4064,42.8,52,1,4.61,US,1619221045
menongue,-14.6585,17.691,59.49,59,64,2.62,AO,1619221045
akyab,20.15,92.9,79.23,81,8,6.33,MM,1619221046
road town,18.4167,-64.6167,80.6,69,20,6.91,VG,1619221046
assiniboia,49.6334,-105.9845,37.4,20,100,2.3,CA,1619221046
jalu,29.0331,21.5482,75.11,15,3,13.58,LY,1619221047
sonqor,34.7837,47.6004,55.4,35,0,2.86,IR,1619221047
samarai,-10.6167,150.6667,83.95,74,95,10.69,PG,1619220569
saquena,-4.6667,-73.5167,75.2,94,52,3.02,PE,1619221047
beyneu,45.3167,55.2,49.37,84,9,11.88,KZ,1619220843
ulladulla,-35.35,150.4667,59.0,55,35,11.5,AU,1619221048
ferme-neuve,46.7001,-75.4493,59.0,25,61,9.22,CA,1619221048
firozpur jhirka,27.8,76.95,73.17,41,27,7.58,IN,1619221048
ngama,11.7833,17.1667,87.82,28,54,4.34,TD,1619221048
broome,42.2506,-75.833,55.4,28,1,11.5,US,1619221049
bridlington,54.0831,-0.1919,45.0,75,100,1.14,GB,1619221049
faya,18.3851,42.4509,66.2,34,20,4.61,SA,1619221049
denpasar,-8.65,115.2167,77.0,78,20,3.44,ID,1619221050
yangambi,0.8102,24.4336,69.57,99,99,2.46,CD,1619221050
huarmey,-10.0681,-78.1522,67.87,86,8,8.39,PE,1619221050
phetchaburi,12.9667,99.5833,82.99,83,97,3.22,TH,1619221050
vilcun,-38.65,-72.2333,55.4,100,0,4.61,CL,1619221051
camana,-16.6228,-72.7111,67.89,80,25,7.34,PE,1619221051
maniitsoq,65.4167,-52.9,32.11,71,12,6.76,GL,1619221051
nara,34.6851,135.8049,66.0,77,75,1.14,JP,1619221051
airai,-8.9266,125.4092,67.95,65,15,2.89,TL,1619221052
ust-nera,64.5667,143.2,14.4,87,100,4.07,RU,1619221052
marzuq,14.4,46.4667,67.71,62,6,5.82,YE,1619221052
yulara,-25.2406,130.9889,59.0,51,3,9.22,AU,1619221052
san patricio,28.017,-97.5169,84.2,74,1,24.16,US,1619221053
phan thiet,10.9333,108.1,79.34,78,71,5.44,VN,1619221053
key largo,25.0865,-80.4473,79.0,65,82,8.99,US,1619221053
takoradi,4.8845,-1.7554,81.66,84,100,8.46,GH,1619221054
tarakan,3.3,117.6333,75.2,94,40,4.61,ID,1619221054
baykit,61.67,96.37,32.7,85,85,1.39,RU,1619221054
flin flon,54.7682,-101.865,30.2,37,40,9.22,CA,1619221055
deputatskiy,69.3,139.9,9.82,82,23,2.37,RU,1619221055
port hardy,50.6996,-127.4199,53.6,66,90,6.91,CA,1619221055
nyurba,63.2842,118.3319,32.49,91,100,7.29,RU,1619221393
roald,62.5833,6.1333,34.0,100,75,2.3,NO,1619221055
pula,44.8683,13.8481,51.8,58,0,9.22,HR,1619221002
goma,-1.6792,29.2228,61.92,90,92,2.93,CD,1619221394
batesville,35.7698,-91.641,60.8,59,90,9.22,US,1619221056
kanelovskaya,46.5908,39.19,50.41,75,100,13.56,RU,1619221056
arrecife,28.963,-13.5477,69.8,68,20,8.05,ES,1619221057
greytown,-29.0642,30.5928,46.74,95,55,2.3,ZA,1619221057
saint-augustin,51.226,-58.6502,32.38,97,100,14.23,CA,1619221057
manta,-0.95,-80.7333,77.0,83,40,5.75,EC,1619221057
ushtobe,45.2514,77.9838,32.68,39,0,13.58,KZ,1619221395
teknaf,20.8624,92.3058,76.03,78,1,4.54,BD,1619221058
taltal,-25.4,-70.4833,62.69,80,7,4.74,CL,1619221058
auki,-8.7676,160.7034,80.74,78,54,2.84,SB,1619221058
talnakh,69.4865,88.3972,31.57,97,100,9.8,RU,1619221059
pokhara,28.2333,83.9833,69.46,30,41,6.98,NP,1619221059
te anau,-45.4167,167.7167,50.45,75,81,4.65,NZ,1619221059
zopilotepe,14.6,-86.2667,82.4,51,75,3.44,HN,1619221060
dakar,14.6937,-17.4441,68.0,88,75,18.41,SN,1619221060
bairiki,1.3292,172.9752,86.0,79,20,5.75,KI,1619221060
padang,-0.9492,100.3543,73.4,94,20,2.3,ID,1619220795
miracema do tocantins,-9.5618,-48.3967,75.56,87,31,0.69,BR,1619221061
krasnoselkup,65.7,82.4667,29.84,90,89,16.84,RU,1619221061
oktyabrskiy,54.4815,53.471,45.03,92,100,9.22,RU,1619221061
innisfail,-17.5333,146.0333,69.01,96,99,5.01,AU,1619221061
ancud,-41.8697,-73.8203,53.01,93,20,3.44,CL,1619221062
kavieng,-2.5744,150.7967,80.26,80,100,4.68,PG,1619221062
lagos,6.5833,3.75,84.2,84,40,6.91,NG,1619220817
honiara,-9.4333,159.95,84.76,72,68,3.42,SB,1619221062
aykhal,66.0,111.5,30.34,82,73,8.23,RU,1619221062
la romana,18.4273,-68.9728,80.6,83,20,9.6,DO,1619221063
mattru,7.6244,-11.8332,75.76,93,93,2.51,SL,1619221063
divnogorsk,55.9594,92.3619,33.8,37,0,4.47,RU,1619221063
mamedkala,42.1677,48.1199,53.15,70,1,6.24,RU,1619221063
kargasok,59.0556,80.8572,27.68,90,11,4.32,RU,1619221064
lakeland highlands,27.9597,-81.9501,79.0,53,40,10.36,US,1619221064
dayong,25.0209,118.2898,73.4,68,13,11.18,CN,1619221064
chicama,-7.8447,-79.1469,64.4,88,20,11.5,PE,1619221065
bosaso,11.2842,49.1816,83.08,68,3,4.97,SO,1619221065
storforshei,66.4043,14.5233,19.26,93,44,2.91,NO,1619221065
cavalcante,-13.7975,-47.4583,69.6,80,74,1.74,BR,1619221065
narva-joesuu,59.4589,28.0408,34.41,86,100,9.73,EE,1619221066
emba,48.8264,58.1442,50.63,57,100,13.4,KZ,1619220815
balad,34.0164,44.1453,76.39,10,72,10.22,IQ,1619221066
saint peter,13.25,-59.6167,80.6,61,20,17.27,BB,1619221066
izazi,-7.2,35.7333,67.28,80,11,2.37,TZ,1619221066
kralendijk,12.15,-68.2667,80.6,78,40,18.41,BQ,1619221067
sovetskiy,61.3614,63.5842,37.8,94,99,3.4,RU,1619221067
keuruu,62.2667,24.7,32.0,100,90,4.61,FI,1619221067
kihei,20.785,-156.4656,84.2,48,20,25.32,US,1619221068
palencia,42.4167,-4.5,55.0,71,92,4.0,ES,1619221068
mbekenyera,-10.0,38.9833,69.66,95,42,4.65,TZ,1619221068
indramayu,-6.3264,108.32,79.27,74,37,6.8,ID,1619221068
oksfjord,70.2396,22.3479,33.8,55,90,12.66,NO,1619221069
rawlins,41.7911,-107.2387,50.0,31,90,16.11,US,1619220856
kungurtug,50.5994,97.5228,27.82,93,100,2.33,RU,1619221069
rabat,33.9911,-6.8401,64.99,88,75,4.61,MA,1619221056
tateyama,34.9833,139.8667,60.8,63,75,13.8,JP,1619221069
yakeshi,49.2833,120.7333,38.53,25,100,4.14,CN,1619221070
pekan nenas,1.51,103.5141,77.0,88,20,2.3,MY,1619221070
rawson,-43.3002,-65.1023,55.45,69,9,12.8,AR,1619221398
ouallam,14.3188,2.0866,89.22,7,49,12.44,NE,1619221070
goure,13.9835,10.2704,82.35,14,23,3.15,NE,1619221071
la ronge,55.1001,-105.2842,32.0,34,100,9.22,CA,1619221071
abu dhabi,24.4667,54.3667,80.6,50,0,3.44,AE,1619220807
xining,36.6167,101.7667,42.6,90,100,4.05,CN,1619221071
mareeba,-17.0,145.4333,78.01,85,99,5.99,AU,1619221072
guasdualito,7.2424,-70.7324,87.8,62,24,4.61,VE,1619221072
rantepao,-2.9701,119.8978,71.82,90,88,0.54,ID,1619221072
hovd,48.0056,91.6419,31.53,37,0,0.65,MN,1619221072
puerto del rosario,28.5004,-13.8627,69.8,64,0,4.61,ES,1619221073
qazvin,36.2797,50.0049,51.8,76,0,2.3,IR,1619221073
ngawen,-7.0032,111.3129,75.61,84,32,2.86,ID,1619221073
namibe,-15.1961,12.1522,77.92,76,1,1.74,AO,1619221074
praya,14.9215,-23.5087,69.8,73,20,16.11,CV,1619220808
zaporizhzhya,47.8167,35.1833,44.6,87,75,17.9,UA,1619221074
drumnadrochit,57.3344,-4.4799,42.01,87,100,3.44,GB,1619221074
novyy svit,47.8059,38.0211,47.64,85,94,10.33,UA,1619221074
lempaala,61.3167,23.75,35.01,93,75,9.22,FI,1619221075
soe,-9.8607,124.284,72.36,74,8,2.95,ID,1619221399
diffa,13.3154,12.6113,87.98,12,65,6.71,NE,1619221075
ilanskiy,56.2358,96.065,32.95,68,99,12.03,RU,1619221075
vila velha,-20.3297,-40.2925,77.0,73,75,6.91,BR,1619220956
mweka,-4.85,21.5667,69.15,99,100,3.44,CD,1619221076
sharan,54.8167,54.0,44.51,92,100,12.3,RU,1619221076
mugur-aksy,50.35,90.5,14.31,87,91,2.39,RU,1619221076
colares,38.7992,-9.4469,62.01,90,48,15.99,PT,1619221077
nalut,30.3333,10.85,60.4,55,61,17.31,LY,1619221077
coahuayana,18.7333,-103.6833,86.0,28,1,17.27,MX,1619221077
baruun-urt,46.6806,113.2792,39.34,26,61,15.5,MN,1619221077
lisakovsk,52.5369,62.4936,45.3,53,100,14.29,KZ,1619221078
praia,14.9215,-23.5087,69.8,73,20,16.11,CV,1619221400
gandajika,-6.75,23.95,68.2,93,84,1.16,CD,1619221078
alice springs,-23.7,133.8833,57.2,58,0,4.61,AU,1619221078
vestmannaeyjar,63.4427,-20.2734,46.47,88,100,19.71,IS,1619221079
gloversville,43.0528,-74.3438,53.6,32,1,11.5,US,1619221079
kindu,-2.95,25.95,69.21,98,99,0.65,CD,1619221079
touros,-5.1989,-35.4608,80.6,83,40,3.44,BR,1619220818
obihiro,42.9172,143.2044,42.8,75,0,1.14,JP,1619221079
ust-tsilma,65.441,52.1498,37.65,91,79,4.34,RU,1619221401
ribas do rio pardo,-20.4431,-53.7592,71.94,36,1,2.95,BR,1619221080
cairns,-16.9167,145.7667,78.01,78,75,12.66,AU,1619221080
borogontsy,62.6683,131.1683,24.35,85,87,5.46,RU,1619221080
okakarara,-20.5833,17.4333,57.81,37,7,3.87,NA,1619221081
marsaxlokk,35.8419,14.5431,59.0,88,75,13.8,MT,1619221082
santa cruz cabralia,-16.2781,-39.0247,78.8,69,0,6.91,BR,1619221082
sulangan,11.1373,123.7228,82.22,75,100,8.21,PH,1619221083
bokoro,12.3807,17.0568,89.87,15,24,5.66,TD,1619221402
kieta,-6.2167,155.6333,83.12,69,98,3.69,PG,1619221084
cayenne,4.9333,-52.3333,78.01,94,75,2.3,GF,1619221403
haimen,23.1935,116.6142,73.4,73,0,4.47,CN,1619221085
japura,-0.3167,102.35,74.39,94,100,1.39,ID,1619221085
hirara,24.8,125.2833,73.4,78,40,16.11,JP,1619221085
riobamba,-1.6667,-78.6333,68.0,94,90,1.16,EC,1619221085
takab,36.4009,47.1133,52.18,27,88,2.8,IR,1619221086
kuznechikha,57.2161,42.3348,43.57,88,45,8.34,RU,1619221086
ornskoldsvik,63.2909,18.7153,33.8,60,90,16.11,SE,1619221086
okha,53.5739,142.9478,31.82,65,59,7.72,RU,1619221087
guryevsk,54.2833,85.9333,32.09,82,100,8.88,RU,1619221087
gazanjyk,39.2446,55.5154,59.54,73,93,10.58,TM,1619221087
flinders,-34.5833,150.8552,62.01,66,93,1.01,AU,1619221383
nizwa,22.9333,57.5333,76.12,25,1,1.23,OM,1619221087
tazovskiy,67.4667,78.7,33.55,99,100,12.82,RU,1619220830
najran,17.4924,44.1277,71.6,24,0,2.68,SA,1619221088
labuhan,-6.8844,112.2051,77.74,80,14,5.66,ID,1619221088
half moon bay,37.4636,-122.4286,62.01,82,40,6.91,US,1619221088
tyup,42.7276,78.3648,27.59,68,28,6.29,KG,1619221089
luderitz,-26.6481,15.1594,64.27,75,42,6.46,NA,1619221089
necochea,-38.5473,-58.7368,60.01,96,100,4.52,AR,1619220828
svetlogorsk,52.6333,29.7333,34.59,84,61,11.05,BY,1619221089
baculin,7.4525,126.5842,83.95,66,100,1.92,PH,1619221089
baghdad,33.3406,44.4009,69.8,32,0,8.05,IQ,1619220831
muriwai beach,-36.8167,174.45,66.0,75,3,8.99,NZ,1619221090
fortuna,40.5982,-124.1573,57.99,82,1,18.41,US,1619221090
sao filipe,14.8961,-24.4956,72.3,74,32,10.2,CV,1619221090
katherine,-14.4667,132.2667,71.6,35,76,13.8,AU,1619221091
lavrentiya,65.5833,-171.0,33.21,82,19,3.24,RU,1619221091
riberalta,-10.9833,-66.1,80.6,83,75,9.22,BO,1619221091
portland,45.5234,-122.6762,63.0,36,75,5.75,US,1619221044
regen,48.9667,13.1333,41.0,71,8,1.01,DE,1619221092
grand gaube,-20.0064,57.6608,77.0,83,98,1.99,MU,1619221092
berlevag,70.8578,29.0864,33.24,83,84,18.25,NO,1619221092
konevo,62.1215,39.3192,46.11,91,99,5.48,RU,1619221092
ixtapa,20.7,-105.2,82.4,65,20,14.97,MX,1619221093
acarau,-2.8856,-40.12,79.16,82,48,10.36,BR,1619221093
san quintin,30.4833,-115.95,61.2,69,11,18.25,MX,1619221093
wabag,-5.4781,143.7021,64.56,78,99,1.9,PG,1619221094
sakakah,29.9697,40.2064,77.0,13,0,9.22,SA,1619221094
durban,-29.8579,31.0292,66.99,72,0,10.36,ZA,1619221094
taoudenni,22.6783,-3.9836,88.2,6,0,9.15,ML,1619221094
kahuta,33.5913,73.3868,61.0,75,0,8.5,PK,1619221095
jawa,31.8525,35.9393,73.4,35,40,3.91,JO,1619221095
seljord,59.4894,8.634,32.0,63,1,3.0,NO,1619221095
saint-francois,46.4154,3.9054,43.0,75,0,1.14,FR,1619221406
magaria,12.9983,8.9099,82.6,18,3,2.06,NE,1619221096
ulaangom,49.9811,92.0667,33.49,63,77,1.36,MN,1619221096
rio gallegos,-51.6226,-69.2181,50.0,71,75,5.75,AR,1619221096
bagdarin,54.4333,113.6,31.3,41,99,3.02,RU,1619221406
manaure,11.7751,-72.4445,82.24,70,13,23.33,CO,1619221097
san andres,12.5847,-81.7006,84.2,65,20,9.22,CO,1619221078
alyangula,-13.8483,136.4192,80.6,65,74,5.75,AU,1619221097
zharkovskiy,55.849,32.2697,32.54,93,68,4.0,RU,1619221097
sibolga,1.7427,98.7792,76.1,87,100,2.55,ID,1619221098
barra,-11.0894,-43.1417,78.28,68,40,3.31,BR,1619221098
komsomolskiy,40.4272,71.7189,53.6,50,41,6.91,UZ,1619221098
phibun mangsahan,15.2447,105.2291,77.0,94,20,3.44,TH,1619220892
gobo,33.8833,135.15,60.8,67,75,4.61,JP,1619221098
korla,41.7597,86.1469,43.52,58,36,7.52,CN,1619221099
tampin,2.4701,102.2302,75.2,100,40,1.14,MY,1619221099
bulawayo,-20.15,28.5833,57.2,50,24,7.2,ZW,1619220825
kalmunai,7.4167,81.8167,79.18,82,3,1.12,LK,1619221099
laohekou,32.3858,111.6678,53.6,90,100,13.18,CN,1619221100
moose factory,51.2585,-80.6094,46.4,49,1,5.75,CA,1619221100
pundri,29.75,76.55,67.64,54,0,6.58,IN,1619221100
netrakona,24.8833,90.7167,72.09,46,53,5.53,BD,1619221100
arlit,18.7369,7.3853,84.22,7,44,8.84,NE,1619220836
kemi,65.8596,24.8228,32.0,100,90,16.11,FI,1619221101
blackwater,-23.5833,148.8833,74.84,22,36,10.02,AU,1619221101
olafsvik,64.8945,-23.7142,43.7,90,100,12.33,IS,1619221408
sawtell,-30.3833,153.1,66.2,59,22,3.44,AU,1619221101
loukisia,38.4833,23.45,59.0,72,20,4.81,GR,1619221102
saryozek,44.3583,77.9753,24.51,47,29,4.63,KZ,1619221102
xinzhou,38.4092,112.7333,54.27,67,100,6.58,CN,1619221102
balykshi,47.0667,51.8667,44.6,100,75,8.95,KZ,1619221102
yerbogachen,61.2767,108.0108,34.09,73,70,8.14,RU,1619221103
behat,30.1667,77.6167,64.49,50,1,6.17,IN,1619221103
qui nhon,13.7667,109.2333,80.51,77,79,0.67,VN,1619221103
